language,layer,english_transfer_auroc,native_auroc,english_transfer_bacc,native_bacc
Chinese,12,0.771875,0.9925,0.525,0.9375
Chinese,16,0.7637499999999999,0.96625,0.6,0.8875
Chinese,20,0.7199999999999999,0.92875,0.625,0.875
Chinese,24,0.624375,0.9375,0.5,0.875
Arabic,12,0.830625,0.99625,0.5375,0.9624999999999999
Arabic,16,0.863125,0.995,0.5875,0.95
Arabic,20,0.788125,0.99,0.6,0.95
Arabic,24,0.8228125,0.98375,0.5125,0.95
Yorùbá,12,0.2005,1.0,0.34,0.99
Yorùbá,16,0.3046,1.0,0.375,1.0
Yorùbá,20,0.44099999999999995,1.0,0.455,1.0
Yorùbá,24,0.45275,1.0,0.5650000000000001,1.0
